,Model name,Threshold,Accuracy,True Positives,False Positive,FP Percent,True Negatives,False Negatives,FN Percent,Recall
0,heart_attack_imbalanced,0.5,0.9510658914728682,65722,807,1.2130048550256278,1020,2627,72.03180696462846,0.27968193035371536
1,heart_attack_imbalanced,0.45,0.9506383948928409,65512,1017,1.5286566760360145,1200,2447,67.09624348779819,0.3290375651220181
2,heart_attack_imbalanced,0.4,0.9500113999088007,65290,1239,1.86234574396128,1378,2269,62.215519605154924,0.37784480394845077
3,heart_attack_imbalanced,0.35,0.9486149110807114,65014,1515,2.277202423003502,1556,2091,57.33479572251166,0.42665204277488344
4,heart_attack_imbalanced,0.3,0.9464631782945736,64688,1841,2.767214297524388,1731,1916,52.53633123114889,0.4746366876885111
5,heart_attack_imbalanced,0.25,0.9428579571363429,64299,2230,3.351921718348389,1867,1780,48.80723882643269,0.5119276117356731
6,heart_attack_imbalanced,0.2,0.9380414956680346,63802,2727,4.0989643614063045,2026,1621,44.44749108856595,0.5555250891143405
7,heart_attack_imbalanced,0.15,0.9282233242134063,62948,3581,5.382615100181876,2191,1456,39.923224568138195,0.6007677543186181
8,heart_attack_imbalanced,0.1,0.904639762881897,61060,5469,8.220475281456208,2424,1223,33.534411845352345,0.6646558815464766
9,heart_attack_imbalanced,0.05,0.8298421112631099,55364,11165,16.78215515038555,2871,776,21.27776254455717,0.7872223745544283
10,heart_attack_RO,0.5,0.8631013451892385,57919,8610,12.941724661425843,2650,997,27.337537702221006,0.72662462297779
11,heart_attack_RO,0.45,0.8412705198358413,56278,10251,15.408318177035579,2759,888,24.34877981902934,0.7565122018097066
12,heart_attack_RO,0.4,0.8165042179662563,54422,12107,18.198079033203566,2877,770,21.113243761996163,0.7888675623800384
13,heart_attack_RO,0.35,0.7873774509803921,52278,14251,21.420733815328656,2977,670,18.371264052646012,0.8162873594735399
14,heart_attack_RO,0.3,0.7538474692202463,49811,16718,25.12889116024591,3091,556,15.24540718398684,0.8475459281601316
15,heart_attack_RO,0.25,0.7145747834017327,46955,19574,29.421755925987163,3191,456,12.50342747463669,0.8749657252536331
16,heart_attack_RO,0.2,0.6677211582307342,43579,22950,34.49623472470652,3279,368,10.090485330408555,0.8990951466959145
17,heart_attack_RO,0.15,0.6120611035111719,39572,26957,40.51917209036661,3380,267,7.321085823964903,0.926789141760351
18,heart_attack_RO,0.1,0.5348409712722298,34070,32459,48.78924980083873,3463,184,5.045242665204277,0.9495475733479573
19,heart_attack_RO,0.05,0.41035396716826267,25241,41288,62.06015421846113,3556,91,2.495201535508637,0.9750479846449136
20,heart_attack_SMOTE,0.5,0.9512083903328773,65670,859,1.2911662583234378,1082,2565,70.33177954483136,0.2966822045516863
21,heart_attack_SMOTE,0.45,0.9505956452348381,65450,1079,1.621849118429557,1259,2388,65.47847545928161,0.345215245407184
22,heart_attack_SMOTE,0.4,0.9497549019607843,65203,1326,1.9931157840941545,1447,2200,60.32355360570332,0.3967644639429668
23,heart_attack_SMOTE,0.35,0.9482444140446876,64944,1585,2.3824196966736313,1600,2047,56.12832465039759,0.4387167534960241
24,heart_attack_SMOTE,0.3,0.9465059279525764,64678,1851,2.7822453366201207,1744,1903,52.17987386893337,0.4782012613106663
25,heart_attack_SMOTE,0.25,0.9436702006383949,64341,2188,3.288791354146312,1882,1765,48.395941870030164,0.5160405812996984
26,heart_attack_SMOTE,0.2,0.9386969904240766,63854,2675,4.0208029581084945,2020,1627,44.61200987112696,0.5538799012887304
27,heart_attack_SMOTE,0.15,0.92843707250342,62957,3572,5.369087164995716,2197,1450,39.758705785577185,0.6024129421442281
28,heart_attack_SMOTE,0.1,0.9020177838577291,60828,5701,8.569195388477205,2472,1175,32.21826158486427,0.6778173841513573
29,heart_attack_SMOTE,0.05,0.8173734610123119,54403,12126,18.22663800748546,2957,690,18.919659994516042,0.8108034000548396
30,heart_attack_ADASYN,0.5,0.9514363885088919,65676,853,1.2821476348659984,1092,2555,70.05758157389636,0.29942418426103645
31,heart_attack_ADASYN,0.45,0.9513081395348837,65494,1035,1.5557125464083332,1265,2382,65.3139566767206,0.3468604332327941
32,heart_attack_ADASYN,0.4,0.9503961468308254,65276,1253,1.883389198695306,1419,2228,61.091307924321356,0.3890869207567864
33,heart_attack_ADASYN,0.35,0.9490566575467396,65005,1524,2.290730358189662,1596,2051,56.23800383877159,0.43761996161228406
34,heart_attack_ADASYN,0.3,0.9467624259005928,64701,1828,2.747673946699935,1739,1908,52.31697285440088,0.4768302714559912
35,heart_attack_ADASYN,0.25,0.9435562015503876,64354,2175,3.2692510033218594,1861,1786,48.97175760899369,0.5102824239100631
36,heart_attack_ADASYN,0.2,0.9383977428180574,63844,2685,4.035833997204227,2009,1638,44.913627639155465,0.5508637236084453
37,heart_attack_ADASYN,0.15,0.928422822617419,62965,3564,5.35706233371913,2188,1459,40.005483959418704,0.599945160405813
38,heart_attack_ADASYN,0.1,0.9015332877336981,60788,5741,8.629319544860136,2478,1169,32.05374280230326,0.6794625719769674
39,heart_attack_ADASYN,0.05,0.8193256953944369,54564,11965,17.98463827804416,2933,714,19.577735124760075,0.8042226487523992
40,heart_attack_RU,0.5,0.8079827861377109,53781,12748,19.16156863924003,2920,727,19.934192486975597,0.800658075130244
41,heart_attack_RU,0.45,0.7845559735522116,52043,14486,21.773963234078373,3014,633,17.356731560186457,0.8264326843981354
42,heart_attack_RU,0.4,0.7581509347925217,50107,16422,24.68397240301222,3097,550,15.08088840142583,0.8491911159857417
43,heart_attack_RU,0.35,0.7292379160966712,48005,18524,27.843496820935233,3170,477,13.07924321360022,0.8692075678639978
44,heart_attack_RU,0.3,0.6951664386684907,45537,20992,31.55315726976206,3247,400,10.967918837400603,0.890320811625994
45,heart_attack_RU,0.25,0.6574754901960784,42795,23734,35.67466818981197,3344,303,8.308198519330958,0.9169180148066904
46,heart_attack_RU,0.2,0.6120896032831737,39547,26982,40.55674968810594,3407,240,6.580751302440362,0.9341924869755964
47,heart_attack_RU,0.15,0.5588662790697675,35752,30777,46.2610290249365,3467,180,4.935563476830271,0.9506443652316973
48,heart_attack_RU,0.1,0.48242989056087554,30321,36208,54.424386357828915,3534,113,3.0984370715656704,0.9690156292843433
49,heart_attack_RU,0.05,0.3599093707250342,21654,44875,67.45178794210044,3603,44,1.2064710721140663,0.9879352892788593
50,heart_disease_imbalanced,0.5,0.9491421568627451,65448,782,1.1807338064321304,1159,2787,70.62848454130766,0.2937151545869235
51,heart_disease_imbalanced,0.45,0.9491136570907432,65276,954,1.4404348482560774,1329,2617,66.32032437911809,0.33679675620881905
52,heart_disease_imbalanced,0.4,0.9491991564067488,65121,1109,1.6744677638532386,1490,2456,62.24024328433857,0.3775975671566143
53,heart_disease_imbalanced,0.35,0.9479024167806658,64894,1336,2.0172127434697265,1626,2320,58.79371515458692,0.41206284845413077
54,heart_disease_imbalanced,0.3,0.945593935248518,64599,1631,2.4626302279933565,1759,2187,55.42321338063863,0.4457678661936138
55,heart_disease_imbalanced,0.25,0.9419602143182855,64201,2029,3.063566359655745,1902,2044,51.79929042067917,0.48200709579320833
56,heart_disease_imbalanced,0.2,0.9361462608299134,63603,2627,3.9664804469273744,2092,1854,46.98428788646731,0.5301571211353269
57,heart_disease_imbalanced,0.15,0.9230791153670771,62463,3767,5.687754793900045,2315,1631,41.33299543841865,0.5866700456158135
58,heart_disease_imbalanced,0.1,0.8946220930232558,60114,6116,9.234485882530576,2667,1279,32.41256969082615,0.6758743030917385
59,heart_disease_imbalanced,0.05,0.8153927268581851,53998,12232,18.468971765061152,3223,723,18.322351748606184,0.8167764825139382
60,heart_disease_RO,0.5,0.8548221614227086,57071,9159,13.829080477125169,2917,1029,26.077040040547388,0.739229599594526
61,heart_disease_RO,0.45,0.8340600775193798,55473,10757,16.241884342443,3058,888,22.503801317790167,0.7749619868220984
62,heart_disease_RO,0.4,0.810234268125855,53687,12543,18.93854748603352,3172,774,19.614799797263053,0.8038520020273695
63,heart_disease_RO,0.35,0.784655722754218,51776,14454,21.823946851879814,3288,658,16.675114039533707,0.833248859604663
64,heart_disease_RO,0.3,0.7546882124943001,49572,16658,25.151743922693644,3389,557,14.115560060821084,0.8588443993917891
65,heart_disease_RO,0.25,0.7212294801641587,47130,19100,28.83889476068247,3483,463,11.733400912316268,0.8826659908768373
66,heart_disease_RO,0.2,0.6815150478796169,44238,21992,33.20549599879209,3588,358,9.07247845919919,0.9092752154080082
67,heart_disease_RO,0.15,0.6322959416324669,40697,25533,38.552015702853694,3675,271,6.86771414090218,0.9313228585909782
68,heart_disease_RO,0.1,0.56265674874601,35729,30501,46.053148120187224,3756,190,4.81500253421186,0.9518499746578813
69,heart_disease_RO,0.05,0.44945565435476514,27700,38530,58.17605314812019,3841,105,2.6609224531170805,0.9733907754688292
70,heart_disease_RU,0.5,0.809593023255814,53626,12604,19.03065076249434,3188,758,19.20932589964521,0.8079067410035479
71,heart_disease_RU,0.45,0.7863942088463293,51892,14338,21.648799637626453,3294,652,16.523061327927014,0.8347693867207299
72,heart_disease_RU,0.4,0.7618559051527588,50068,16162,24.40283859278273,3396,550,13.938165230613278,0.8606183476938672
73,heart_disease_RU,0.35,0.7346386228910169,48062,18168,27.43167748754341,3492,454,11.505321844906234,0.8849467815509376
74,heart_disease_RU,0.3,0.7054976060191519,45938,20292,30.638683376113544,3571,375,9.503294475418144,0.9049670552458186
75,heart_disease_RU,0.25,0.6712551299589603,43464,22766,34.37415068699985,3642,304,7.704004054738976,0.9229599594526102
76,heart_disease_RU,0.2,0.6314979480164159,40598,25632,38.70149479088026,3718,228,5.778003041054232,0.9422199695894576
77,heart_disease_RU,0.15,0.5815805973552212,37027,29203,44.09331118828326,3786,160,4.054738976178409,0.9594526102382159
78,heart_disease_RU,0.1,0.5133948928408573,32199,34031,51.38305903669033,3829,117,2.965027876330461,0.9703497212366954
79,heart_disease_RU,0.05,0.4019607843137255,24321,41909,63.27797070813831,3887,59,1.4951849974657883,0.9850481500253421
80,stroke_imbalanced,0.5,0.9637910396716827,67562,168,0.24804370293813674,73,2373,97.01553556827474,0.029844644317252658
81,stroke_imbalanced,0.45,0.9634347925216599,67501,229,0.338107190314484,109,2337,95.5437448896157,0.04456255110384301
82,stroke_imbalanced,0.4,0.9626652986776105,67400,330,0.4872287021999114,156,2290,93.62224039247752,0.06377759607522486
83,stroke_imbalanced,0.35,0.9613115595075239,67254,476,0.7027904916580541,207,2239,91.53720359771054,0.08462796402289452
84,stroke_imbalanced,0.3,0.9592453260373917,67023,707,1.043850583197992,293,2153,88.02125919869174,0.11978740801308259
85,stroke_imbalanced,0.25,0.9554406064751482,66646,1084,1.6004724641960726,403,2043,83.52412101390024,0.16475878986099754
86,stroke_imbalanced,0.2,0.9495696534427724,66092,1638,2.418426103646833,545,1901,77.71872444807849,0.22281275551921503
87,stroke_imbalanced,0.15,0.9363172594619243,64922,2808,4.145873320537428,785,1661,67.9067865903516,0.3209321340964841
88,stroke_imbalanced,0.1,0.9066489968080256,62529,5201,7.67901963679315,1096,1350,55.192150449713814,0.44807849550286183
89,stroke_imbalanced,0.05,0.8187272001823985,55801,11929,17.612579359220433,1654,792,32.379394930498776,0.6762060506950123
90,stroke_RO,0.5,0.8151504787961696,55598,12132,17.912298833604016,1606,840,34.341782502044154,0.6565821749795585
91,stroke_RO,0.45,0.7855107159142727,53393,14337,21.16787243466706,1731,715,29.231398201144724,0.7076860179885527
92,stroke_RO,0.4,0.7539757181942545,51075,16655,24.590284954968254,1836,610,24.938675388389207,0.7506132461161079
93,stroke_RO,0.35,0.7191347469220246,48536,19194,28.33899306068212,1930,516,21.09566639411284,0.7890433360588717
94,stroke_RO,0.3,0.6819282945736435,45827,21903,32.33869777055958,2028,418,17.089125102207685,0.8291087489779232
95,stroke_RO,0.25,0.6396488828089375,42789,24941,36.82415473202421,2099,347,14.18642681929681,0.8581357318070318
96,stroke_RO,0.2,0.5907290241678067,39281,28449,42.003543481470544,2174,272,11.120196238757154,0.8887980376124285
97,stroke_RO,0.15,0.5283572731418149,34832,32898,48.57227225749299,2246,200,8.176614881439084,0.9182338511856092
98,stroke_RO,0.1,0.44036422708618334,28588,39142,57.79122988336041,2315,131,5.3556827473426,0.946443172526574
99,stroke_RO,0.05,0.30590230278157776,19084,48646,71.82341650671785,2383,63,2.5756336876533115,0.9742436631234669
100,stroke_RU,0.5,0.7346813725490197,49624,18106,26.732614794035143,1933,513,20.97301717089125,0.7902698282910875
101,stroke_RU,0.45,0.7054121067031464,47492,20238,29.88040750036911,2011,435,17.784137367130008,0.8221586263287
102,stroke_RU,0.4,0.6750740994072048,45304,22426,33.1108814410158,2070,376,15.372035977105478,0.8462796402289452
103,stroke_RU,0.35,0.6440663474692202,43055,24675,36.43141886903883,2143,303,12.387571545380213,0.8761242845461978
104,stroke_RU,0.3,0.6089973780209759,40547,27183,40.13435700575816,2190,256,10.466067048242028,0.8953393295175798
105,stroke_RU,0.25,0.5702091883264934,37785,29945,44.21231359811014,2230,216,8.83074407195421,0.9116925592804579
106,stroke_RU,0.2,0.5212323301413588,34299,33431,49.35922043407648,2279,167,6.827473426001636,0.9317252657399836
107,stroke_RU,0.15,0.4594590743274054,29920,37810,55.82459766720803,2323,123,5.028618152085037,0.9497138184791496
108,stroke_RU,0.1,0.370953032375741,23653,44077,65.07751365716817,2379,67,2.739165985282093,0.9726083401471791
109,stroke_RU,0.05,0.23587836297309622,14128,53602,79.14070574339289,2425,21,0.8585445625511038,0.991414554374489
110,cancer_imbalanced,0.5,0.9044402644778842,63348,166,0.2613597002235728,122,6540,98.16871810267187,0.018312818973281297
111,cancer_imbalanced,0.45,0.9035995212038304,63207,307,0.48335799981106525,204,6458,96.93785649954968,0.030621435004503154
112,cancer_imbalanced,0.4,0.9021460328317373,62963,551,0.8675252700192084,346,6316,94.80636445511858,0.05193635544881417
113,cancer_imbalanced,0.35,0.8985835613315093,62500,1014,1.5964984097994142,559,6103,91.60912638847194,0.0839087361152807
114,cancer_imbalanced,0.3,0.8909883720930233,61649,1865,2.9363604874515854,877,5785,86.83578504953468,0.13164214950465325
115,cancer_imbalanced,0.25,0.8746295029639762,59918,3596,5.66174386749378,1460,5202,78.08465926148304,0.2191534073851696
116,cancer_imbalanced,0.2,0.8428380072959416,56810,6704,10.555153194571275,2337,4325,64.92044431101772,0.3507955568898229
117,cancer_imbalanced,0.15,0.7813069995440036,51343,12171,19.162704285669303,3486,3176,47.673371359951965,0.5232662864004803
118,cancer_imbalanced,0.1,0.675515845873233,42587,20927,32.948641244450044,4818,1844,27.679375562894027,0.7232062443710597
119,cancer_imbalanced,0.05,0.5082364341085271,29683,33831,53.26542179676922,5983,679,10.192134494145902,0.898078655058541
120,cancer_RO,0.5,0.6892384860921112,43727,19787,31.153761375444784,4641,2021,30.336235364755325,0.6966376463524467
121,cancer_RO,0.45,0.6447218422252622,40195,23319,36.714740057310195,5049,1613,24.2119483638547,0.757880516361453
122,cancer_RO,0.4,0.600390446876425,36748,26766,42.141889977012944,5385,1277,19.168417892524765,0.8083158210747523
123,cancer_RO,0.35,0.5557170542635659,33329,30185,47.52495512800328,5669,993,14.905433803662563,0.8509456619633744
124,cancer_RO,0.3,0.5097611719106248,29865,33649,52.97887080013856,5908,754,11.317922545782046,0.8868207745421796
125,cancer_RO,0.25,0.4636200410396717,26432,37082,58.38397833548509,6103,559,8.39087361152807,0.9160912638847193
126,cancer_RO,0.2,0.4148141814865481,22836,40678,64.04572220297887,6274,388,5.824076853797658,0.9417592314620234
127,cancer_RO,0.15,0.36220360237118104,19017,44497,70.05856976414648,6401,261,3.9177424196937856,0.9608225758030622
128,cancer_RO,0.1,0.29759461924304603,14373,49141,77.37034354630475,6511,151,2.266586610627439,0.9773341338937256
129,cancer_RO,0.05,0.21037106703146374,8151,55363,87.1666089366124,6612,50,0.7505253677574302,0.9924947463224257
130,cancer_RU,0.5,0.6540840173278614,40913,22601,35.58428063104198,4988,1674,25.12758931251876,0.7487241068748124
131,cancer_RU,0.45,0.6082421340629275,37321,26193,41.23972667443398,5363,1299,19.498649054338035,0.8050135094566196
132,cancer_RU,0.4,0.5627849977200182,33856,29658,46.6952168025947,5638,1024,15.37075953167217,0.8462924046832783
133,cancer_RU,0.35,0.5197360921112631,30580,32934,51.85313474194666,5893,769,11.543080156109276,0.8845691984389072
134,cancer_RU,0.3,0.4753049475604195,27266,36248,57.07088201026546,6089,573,8.60102071450015,0.9139897928549985
135,cancer_RU,0.25,0.4318142954856361,24071,39443,62.101269011556504,6232,430,6.4545181627139,0.935454818372861
136,cancer_RU,0.2,0.3837779297765618,20569,42945,67.61501401265862,6363,299,4.488141699189432,0.9551185830081057
137,cancer_RU,0.15,0.3318513451892385,16817,46697,73.52237302012155,6471,191,2.8670069048333833,0.9713299309516662
138,cancer_RU,0.1,0.26717111263109894,12187,51327,80.8121044179236,6562,100,1.5010507355148603,0.9849894926448514
139,cancer_RU,0.05,0.18415127678978568,6290,57224,90.0966715999622,6633,29,0.43530471329930953,0.9956469528670069
140,skin_cancer_imbalanced,0.5,0.9052525079799362,63337,264,0.41508781308469994,190,6385,97.11026615969581,0.028897338403041824
141,skin_cancer_imbalanced,0.45,0.9042835157318742,63124,477,0.7499882077325828,335,6240,94.90494296577947,0.05095057034220532
142,skin_cancer_imbalanced,0.4,0.9020035339717283,62770,831,1.3065832298234306,529,6046,91.95437262357414,0.08045627376425855
143,skin_cancer_imbalanced,0.35,0.8966313269493844,62095,1506,2.367887297369538,827,5748,87.42205323193917,0.12577946768060835
144,skin_cancer_imbalanced,0.3,0.8879816461468308,61023,2578,4.053395386864986,1292,5283,80.34980988593155,0.19650190114068442
145,skin_cancer_imbalanced,0.25,0.8717795257637939,59266,4335,6.815930567129448,1912,4663,70.92015209125475,0.2907984790874525
146,skin_cancer_imbalanced,0.2,0.8389477884176927,56139,7462,11.732519928931936,2735,3840,58.40304182509506,0.4159695817490494
147,skin_cancer_imbalanced,0.15,0.7834587323301414,51259,12342,19.405355261709722,3721,2854,43.40684410646388,0.5659315589353612
148,skin_cancer_imbalanced,0.1,0.6903784769721842,43590,20011,31.463341771355797,4858,1717,26.114068441064635,0.7388593155893536
149,skin_cancer_imbalanced,0.05,0.5381611947104423,31868,31733,49.89386959324539,5898,677,10.29657794676806,0.8970342205323194
150,skin_cancer_RO,0.5,0.7006526447788418,44453,19148,30.106444867219068,4716,1859,28.273764258555133,0.7172623574144487
151,skin_cancer_RO,0.45,0.6600119699042407,41237,22364,35.16296913570541,5080,1495,22.73764258555133,0.7726235741444867
152,skin_cancer_RO,0.4,0.6186445508435933,38004,25597,40.2462225436707,5410,1165,17.718631178707227,0.8228136882129278
153,skin_cancer_RO,0.35,0.5773198814409485,34845,28756,45.213125579786485,5669,906,13.779467680608365,0.8622053231939163
154,skin_cancer_RO,0.3,0.5397286821705426,31998,31603,49.68947029134762,5878,697,10.600760456273765,0.8939923954372624
155,skin_cancer_RO,0.25,0.504046967624259,29321,34280,53.89852360811936,6051,524,7.96958174904943,0.9203041825095057
156,skin_cancer_RO,0.2,0.4678095075239398,26631,36970,58.1280168550809,6198,377,5.733840304182509,0.9426615969581749
157,skin_cancer_RO,0.15,0.4283230734154127,23737,39864,62.67825977578969,6321,254,3.8631178707224336,0.9613688212927757
158,skin_cancer_RO,0.1,0.38313668490652075,20476,43125,67.80553764877911,6411,164,2.494296577946768,0.9750570342205324
159,skin_cancer_RO,0.05,0.31500797993616053,15614,47987,75.45007153975565,6492,83,1.2623574144486691,0.9873764258555133
160,skin_cancer_RU,0.5,0.6638309393524852,41530,22071,34.70228455527429,5055,1520,23.11787072243346,0.7688212927756654
161,skin_cancer_RU,0.45,0.6240737574099408,38390,25211,39.63931384726656,5405,1170,17.79467680608365,0.8220532319391635
162,skin_cancer_RU,0.4,0.5847725718194254,35369,28232,44.38923916290624,5668,907,13.79467680608365,0.8620532319391635
163,skin_cancer_RU,0.35,0.5469676242590059,32520,31081,48.86872847911196,5864,711,10.813688212927756,0.8918631178707225
164,skin_cancer_RU,0.3,0.510858413132695,29802,33799,53.14224619109762,6048,527,8.015209125475286,0.9198479087452471
165,skin_cancer_RU,0.25,0.4741364569083447,27082,36519,57.41890850772786,6191,384,5.840304182509506,0.941596958174905
166,skin_cancer_RU,0.2,0.438312243502052,24471,39130,61.524189871228444,6288,287,4.365019011406844,0.9563498098859315
167,skin_cancer_RU,0.15,0.399937300501596,21684,41917,65.90619644345215,6382,193,2.935361216730038,0.9706463878326996
168,skin_cancer_RU,0.1,0.3535254217966256,18357,45244,71.13724626971273,6452,123,1.8707224334600763,0.9812927756653992
169,skin_cancer_RU,0.05,0.28424247606019154,13429,50172,78.88555211396047,6518,57,0.8669201520912547,0.9913307984790874
170,COPD_RO,0.5,0.8290013679890561,54345,10673,16.415454181918854,3831,1327,25.72702597906165,0.7427297402093834
171,COPD_RO,0.45,0.8069852941176471,52626,12392,19.059337414254514,4005,1153,22.353625436215587,0.7764637456378441
172,COPD_RO,0.4,0.7827889876880985,50783,14235,21.893937063582392,4150,1008,19.5424583171772,0.804575416828228
173,COPD_RO,0.35,0.753405722754218,48582,16436,25.279153465194256,4289,869,16.84761535478868,0.8315238464521132
174,COPD_RO,0.3,0.7208162334701322,46152,18866,29.016580023993356,4432,726,14.07522295463358,0.8592477704536642
175,COPD_RO,0.25,0.6811730506155951,43240,21778,33.49533975206866,4562,596,11.554866227219852,0.8844513377278015
176,COPD_RO,0.2,0.6311844505243958,39594,25424,39.103017625888214,4700,458,8.879410624272973,0.9112058937572702
177,COPD_RO,0.15,0.5647514819881441,34816,30202,46.45175182257221,4816,342,6.630476929042264,0.9336952307095774
178,COPD_RO,0.1,0.4693627450980392,27981,37037,56.96422529145775,4957,201,3.896859247770454,0.9610314075222954
179,COPD_RO,0.05,0.3010858413132695,16051,48967,75.31299024885416,5078,80,1.5509887553315238,0.9844901124466847
180,COPD_RU,0.5,0.7876196990424077,51188,13830,21.271032637115876,4084,1074,20.822024040325708,0.791779759596743
181,COPD_RU,0.45,0.7621551527587779,49264,15754,24.23021317173706,4221,937,18.165955796820473,0.8183404420317952
182,COPD_RU,0.4,0.7361348609211126,47293,17725,27.261681380540775,4366,792,15.354788677782086,0.8464521132221792
183,COPD_RU,0.35,0.7054548563611491,45018,20000,30.7607124180996,4488,670,12.989530825901513,0.8701046917409849
184,COPD_RU,0.3,0.6709701322389421,42491,22527,34.64732843212649,4595,563,10.915083365645598,0.890849166343544
185,COPD_RU,0.25,0.630343707250342,39533,25485,39.19683779876342,4702,456,8.840635905389686,0.9115936409461032
186,COPD_RU,0.2,0.5807256041951664,35933,29085,44.73376603402135,4820,338,6.552927491275688,0.9344707250872432
187,COPD_RU,0.15,0.5130528955768354,31097,33921,52.171706296717836,4907,251,4.866227219852656,0.9513377278014734
188,COPD_RU,0.1,0.420499886000912,24496,40522,62.324279430311606,5013,145,2.811167119038387,0.9718883288096162
189,COPD_RU,0.05,0.2709758321933425,13911,51107,78.60438647759082,5105,53,1.0275300504071345,0.9897246994959287
190,Arthritis_RO,0.5,0.7403670770633834,35166,12326,25.95384485808136,16790,5894,25.983071768647502,0.740169282313525
191,Arthritis_RO,0.45,0.720360237118103,32704,14788,31.137875852775203,17848,4836,21.31899135954858,0.7868100864045142
192,Arthritis_RO,0.4,0.6987004103967168,30154,17338,36.507201212835845,18878,3806,16.778345970728267,0.8322165402927173
193,Arthritis_RO,0.35,0.6719248746010031,27420,20072,42.263960245936154,19733,2951,13.00916945864927,0.8699083054135073
194,Arthritis_RO,0.3,0.6413873689010487,24532,22960,48.34498441842837,20478,2206,9.724916240521955,0.9027508375947805
195,Arthritis_RO,0.25,0.6092253761969905,21664,25828,54.38389623515539,21089,1595,7.031387762299418,0.9296861223770058
196,Arthritis_RO,0.2,0.5735294117647058,18709,28783,60.60599679946096,21539,1145,5.047610650678893,0.9495238934932111
197,Arthritis_RO,0.15,0.531577747378021,15333,32159,67.7145624526236,21971,713,3.1431846235231884,0.9685681537647681
198,Arthritis_RO,0.1,0.4754331965344277,11083,36409,76.66343805272466,22281,403,1.776582613295715,0.9822341738670428
199,Arthritis_RO,0.05,0.4065064979480164,5986,41506,87.39577191948118,22541,143,0.6304002821371892,0.9936959971786281
200,Depression_RO,0.5,0.7829029867761058,45583,11163,19.671871145102738,9358,4072,30.320178704393147,0.6967982129560685
201,Depression_RO,0.45,0.758093935248518,43279,13467,23.732069220738026,9921,3509,26.12807148175726,0.7387192851824274
202,Depression_RO,0.4,0.7289101687186502,40699,16047,28.278645190850455,10453,2977,22.166790766939688,0.7783320923306031
203,Depression_RO,0.35,0.6910339717282262,37514,19232,33.89137560356677,10980,2450,18.242740134028296,0.8175725986597171
204,Depression_RO,0.3,0.6428551071591427,33647,23099,40.7059528424911,11466,1964,14.62397617274758,0.8537602382725242
205,Depression_RO,0.25,0.5830340857273142,28960,27786,48.965565854862014,11955,1475,10.982874162323156,0.8901712583767685
206,Depression_RO,0.2,0.5057997036023711,23021,33725,59.43150177986114,12474,956,7.118391660461652,0.9288160833953835
207,Depression_RO,0.15,0.40463976288189696,15480,41266,72.72054417932542,12916,514,3.8272524199553235,0.9617274758004467
208,Depression_RO,0.1,0.29369015047879615,7369,49377,87.01406266520988,13241,189,1.4072970960536113,0.9859270290394638
209,Depression_RO,0.05,0.20874658002735977,1247,55499,97.80248828111232,13402,28,0.20848845867460908,0.997915115413254
210,Kidney_RO,0.5,0.8181999544003647,56083,11655,17.205999586642655,1335,1103,45.24200164068909,0.5475799835931091
211,Kidney_RO,0.45,0.7862802097583219,53726,14012,20.685582686232248,1452,986,40.442986054142736,0.5955701394585726
212,Kidney_RO,0.4,0.751296739626083,51137,16601,24.507661873689806,1586,852,34.94667760459393,0.6505332239540607
213,Kidney_RO,0.35,0.7099435704514364,48099,19639,28.992589093271132,1722,716,29.368334700574238,0.7063166529942576
214,Kidney_RO,0.3,0.6601402188782489,44499,23239,34.30718356018778,1827,611,25.06152584085316,0.7493847415914684
215,Kidney_RO,0.25,0.6037249202006384,40411,27327,40.3422008326198,1956,482,19.77030352748154,0.8022969647251845
216,Kidney_RO,0.2,0.5358099635202919,35547,32191,47.52280846792052,2054,384,15.750615258408532,0.8424938474159147
217,Kidney_RO,0.15,0.45063839489284085,29465,38273,56.50152056452803,2159,279,11.44380639868745,0.8855619360131255
218,Kidney_RO,0.1,0.33537106703146374,21277,46461,68.58927042428179,2258,180,7.383100902378999,0.92616899097621
219,Kidney_RO,0.05,0.1827547879616963,10456,57282,84.56405562608876,2369,69,2.8301886792452833,0.9716981132075472
220,Diabetes_RO,0.5,0.7583219334245326,45762,14682,24.29025213420687,7454,2278,23.407316070694616,0.7659268392930538
221,Diabetes_RO,0.45,0.7330141358869129,43607,16837,27.855535702468398,7833,1899,19.512946979038222,0.8048705302096177
222,Diabetes_RO,0.4,0.7050273597811217,41334,19110,31.616041294421283,8142,1590,16.337854500616523,0.8366214549938348
223,Diabetes_RO,0.35,0.6757438440492476,38980,21464,35.51055522467077,8441,1291,13.265515824085492,0.8673448417591451
224,Diabetes_RO,0.3,0.6435533515731874,36440,24004,39.71279200582357,8722,1010,10.378133990957664,0.8962186600904234
225,Diabetes_RO,0.25,0.6082991336069311,33754,26690,44.15657468069618,8934,798,8.199753390875463,0.9180024660912454
226,Diabetes_RO,0.2,0.564765731874145,30490,29954,49.55661438687049,9143,589,6.0521989313604605,0.9394780106863954
227,Diabetes_RO,0.15,0.5111861605107159,26553,33891,56.07008139765733,9320,412,4.2334566378956024,0.957665433621044
228,Diabetes_RO,0.1,0.4422737118103055,21532,38912,64.37694394811726,9505,227,2.3325113029182076,0.976674886970818
229,Diabetes_RO,0.05,0.33492932056543545,13864,46580,77.06306664019588,9640,92,0.9453349773941636,0.9905466502260584
230,Diabetes_RU,0.5,0.7393980848153214,44146,16298,26.963801204420623,7742,1990,20.448006576243323,0.7955199342375668
231,Diabetes_RU,0.45,0.7137055403556771,41978,18466,30.550592283766793,8107,1625,16.697492807233868,0.8330250719276613
232,Diabetes_RU,0.4,0.6855335157318742,39702,20742,34.316061147508435,8406,1326,13.625154130702835,0.8637484586929717
233,Diabetes_RU,0.35,0.656235750113999,37395,23049,38.1328171530673,8657,1075,11.04603370324702,0.8895396629675298
234,Diabetes_RU,0.3,0.6233185134518924,34861,25583,42.32512739064258,8881,851,8.744348540896013,0.9125565145910398
235,Diabetes_RU,0.25,0.5852855677154583,31983,28461,47.08655945999603,9090,642,6.59679408138101,0.9340320591861899
236,Diabetes_RU,0.2,0.5422224122207022,28806,31638,52.342664284296205,9245,487,5.004110152075627,0.9499588984792438
237,Diabetes_RU,0.15,0.489483584131327,24943,35501,58.73370392429356,9407,325,3.3394985614467734,0.9666050143855323
238,Diabetes_RU,0.1,0.41916039671682626,19875,40569,67.11832439944412,9540,192,1.972872996300863,0.9802712700369913
239,Diabetes_RU,0.05,0.3140247378020976,12378,48066,79.52154059956324,9659,73,0.7501027538018906,0.992498972461981
